{
	"name": "lazri-qol",
	"title": "Lazrius' Quality of Life Features",
	"description": "",
	"version": "1.0.2",
	"author": "Laz#9427",
	"scripts": ["bundle.js"],
	"styles": ["lazri-qol.css"],
	"languages": [],
	"dependencies": [
		{
			"name": "dae",
			"type": "module",
			"manifest": "https://gitlab.com/tposney/dae/raw/master/package/module.json"
		}
	],
	"minimumCoreVersion": "0.8.8",
	"compatibleCoreVersion": "9",
	"url": "https://github.com/Lazrius/FoundryVTT-Module-LaziQol",
	"manifest": "https://raw.githubusercontent.com/Lazrius/FoundryVTT-Module-LaziQol/master/Source/module.json",
	"download": "https://raw.githubusercontent.com/Lazrius/FoundryVTT-Module-LaziQol/v1.0.2/dist/lazri-qol-v1.0.2.zip"
}